Matched Value,Last Numerical Value
20,-7.753164e-02
170,-1.566390e+00
290,-2.866706e+00
380,-3.826944e+00
440,-4.533262e+00
500,-5.210804e+00
550,-5.717985e+00
580,-6.065777e+00
620,-7.284948e+00
640,-7.993948e+00
670,-9.210439e+00
690,-1.014414e+01
710,-1.119658e+01
720,-1.177434e+01
740,-1.304929e+01
750,-1.375490e+01
760,-1.451105e+01
770,-1.532378e+01
780,-1.619903e+01
790,-1.714297e+01
800,-1.816274e+01
810,-1.926704e+01
820,-2.046359e+01
830,-2.176197e+01
840,-2.317225e+01
